name,latitude,longitude,temperature,date,time,status
Davis Fire,39.30746118136177,-119.82711883958655,401.59752061194683,2024-11-14,09:29:19,active
Davis Fire,39.30421568851339,-119.82282785900037,415.18441654017136,2024-11-09,17:03:55,active
Davis Fire,39.30843235657161,-119.83927775051882,301.84337508442553,2024-11-16,12:18:39,active
Davis Fire,39.295704116439815,-119.8251620836695,328.2996691664117,2024-11-12,22:19:57,active
Davis Fire,39.298852409789596,-119.83360628105414,484.74822532950554,2024-11-15,02:22:19,active
Davis Fire,39.30724106613818,-119.82325973201334,437.40945324286633,2024-11-14,18:38:00,active
Davis Fire,39.31205354883235,-119.83519609426054,413.6179302030157,2024-11-10,20:27:48,active
Davis Fire,39.29976356789273,-119.83320452532453,342.5300048169853,2024-11-15,19:46:29,active
Davis Fire,39.29635804869114,-119.84037514801969,480.7025439333596,2024-11-13,22:35:42,active
Davis Fire,39.29550203556787,-119.82477576438225,348.05398993851355,2024-11-10,14:12:38,active
Davis Fire,39.3003104576455,-119.82829906418337,322.60800148110695,2024-11-15,20:40:31,active
Davis Fire,39.30826191800736,-119.83003944618733,488.88639057763424,2024-11-09,00:55:14,active
Davis Fire,39.30515993565486,-119.82878373221828,423.43804098853593,2024-11-15,22:14:50,active
Davis Fire,39.30257222582288,-119.84111647891748,417.3336085418221,2024-11-14,02:05:45,active
Davis Fire,39.31443680578449,-119.8279959180573,333.1883106620677,2024-11-14,07:25:35,active
Davis Fire,39.30729275587134,-119.83510521843895,332.3772035425213,2024-11-14,17:19:30,active
Davis Fire,39.30862705085038,-119.83128547438062,423.867348391252,2024-11-14,11:46:36,active
Davis Fire,39.30318956478008,-119.8336360634282,411.63047056874325,2024-11-12,22:46:57,active
Davis Fire,39.298498172319654,-119.83536413717965,442.5363736531819,2024-11-16,15:32:48,active
Davis Fire,39.304690695709674,-119.83833532123755,372.388109223074,2024-11-16,13:23:36,active
Davis Fire,39.31120926392202,-119.82844104834501,393.9511901512494,2024-11-16,10:18:37,active
Davis Fire,39.29685364006638,-119.83079377809278,406.30566279427603,2024-11-12,03:31:57,active
Davis Fire,39.30283014764363,-119.8261810967196,307.0546372066957,2024-11-13,01:56:31,active
Davis Fire,39.29663210610463,-119.8347839258336,317.31110125362795,2024-11-09,19:53:33,active
Davis Fire,39.31489232596065,-119.83493003232805,339.78620745589984,2024-11-11,03:24:15,active
Davis Fire,39.29725584692124,-119.8339537545478,471.4611210448547,2024-11-11,15:08:36,active
Davis Fire,39.3070307399996,-119.82290980730761,452.6729503464695,2024-11-11,15:50:50,active
Davis Fire,39.31192798022204,-119.83490853709472,414.4194028429782,2024-11-11,09:57:51,active
Davis Fire,39.30442356687164,-119.8369550822871,367.65338224349955,2024-11-11,16:23:30,active
Davis Fire,39.31197543218589,-119.83029572069651,434.6680724611286,2024-11-12,18:38:04,active
Davis Fire,39.30757763297016,-119.84081594411319,355.1203623018782,2024-11-11,06:17:43,active
Davis Fire,39.30717021677506,-119.8376821527781,497.24868878027826,2024-11-15,07:53:37,active
Davis Fire,39.300592050764,-119.83366928696834,382.5176640671352,2024-11-12,22:55:57,active
Davis Fire,39.314816223180884,-119.82869729691863,433.4547231313755,2024-11-11,14:16:30,active
Davis Fire,39.30295786169559,-119.8421275601516,402.3288229990537,2024-11-13,22:40:01,active
Davis Fire,39.31434590065324,-119.8383246524603,362.3549483594321,2024-11-15,00:05:20,active
Davis Fire,39.30647432588239,-119.82538472305099,486.28726130420546,2024-11-11,07:25:34,active
Davis Fire,39.312650526457894,-119.8278589443257,397.9498009208044,2024-11-12,09:33:01,active
Davis Fire,39.31182761801748,-119.83993602310336,368.15548745697686,2024-11-08,21:19:00,active
Davis Fire,39.305715768743276,-119.82895099820028,462.65582371918003,2024-11-13,13:27:46,active
Davis Fire,39.30200454766815,-119.83809216720947,357.54398249968347,2024-11-09,17:59:07,active
Davis Fire,39.31064748949095,-119.82581948455702,374.0110022515357,2024-11-11,14:48:31,active
Davis Fire,39.30201008182958,-119.83654134440087,340.96473599896706,2024-11-16,04:01:13,active
Davis Fire,39.29890196054922,-119.83637250420092,318.88667573371566,2024-11-15,16:32:19,active
Davis Fire,39.30532561473258,-119.82879157140829,484.5975297396167,2024-11-13,10:52:48,active
Davis Fire,39.297681015440965,-119.84243334648272,300.76180776114154,2024-11-14,03:43:06,active
Davis Fire,39.2961627416794,-119.83479324591111,372.25249923452816,2024-11-12,08:18:10,active
Davis Fire,39.31184195252545,-119.82250699244493,302.9476548333864,2024-11-10,17:13:42,active
Davis Fire,39.31428887997009,-119.82747780029617,380.2920602151923,2024-11-13,07:46:47,active
Davis Fire,39.29830808114903,-119.82989575062386,423.1794118865538,2024-11-15,08:58:47,active
Davis Fire,39.31494832706036,-119.83373536144869,441.6563470546181,2024-11-14,03:51:10,active
Davis Fire,39.304109261511414,-119.82657048716086,403.18333930573084,2024-11-10,17:59:49,active
Davis Fire,39.30301061995365,-119.82682598333903,431.25127206340164,2024-11-11,18:43:31,active
Davis Fire,39.296465648501275,-119.83142266151874,418.8068107919231,2024-11-12,18:01:52,active
Davis Fire,39.297963951357175,-119.83788672713904,356.5314334927941,2024-11-10,15:26:54,active
Davis Fire,39.29706291128676,-119.83640696630117,318.41227055856,2024-11-10,23:35:09,active
Davis Fire,39.30509471064631,-119.83535377036256,332.2947716609117,2024-11-12,01:25:47,active
Davis Fire,39.311790092862516,-119.84170880997453,433.1300574375665,2024-11-10,15:57:04,active
Davis Fire,39.305140244028586,-119.82357602633424,454.6449789952581,2024-11-16,12:26:41,active
Davis Fire,39.302182669298695,-119.83770156030778,422.7453763173577,2024-11-15,16:11:58,active
Davis Fire,39.31421231352774,-119.83597213109132,334.9109313824209,2024-11-15,14:41:39,active
Davis Fire,39.30106289900826,-119.83313501327801,380.56753441804534,2024-11-10,15:53:53,active
Davis Fire,39.30517415882547,-119.82465030866938,317.6645823635478,2024-11-15,19:41:07,active
Davis Fire,39.3048454409422,-119.82271612710177,372.969605532154,2024-11-09,15:49:12,active
Davis Fire,39.31223774830238,-119.82525915002586,451.71319727841905,2024-11-09,20:58:24,active
Davis Fire,39.29755297520949,-119.83664177650795,424.1755804816502,2024-11-14,02:55:10,active
Davis Fire,39.30605051221297,-119.82974924297285,313.58630991967055,2024-11-10,10:10:19,active
Davis Fire,39.30921394135274,-119.82978788177392,451.8193976159874,2024-11-09,18:05:27,active
Davis Fire,39.30505384837972,-119.83287541074841,455.88483083982175,2024-11-12,18:12:07,active
Davis Fire,39.30788218967256,-119.82408534214213,386.8941111442303,2024-11-15,12:10:55,active
Davis Fire,39.311410352842074,-119.826180865374,324.7942105996435,2024-11-12,21:32:43,active
Davis Fire,39.31208560270111,-119.83664204805818,389.05950898511503,2024-11-14,07:05:18,active
Davis Fire,39.31125145118317,-119.83390039750233,305.510411457462,2024-11-14,07:41:09,active
Davis Fire,39.300480602939516,-119.82744760737323,416.8547871123885,2024-11-11,09:29:57,active
Davis Fire,39.31439456763759,-119.83987092261208,480.1869158735139,2024-11-12,04:45:28,active
Davis Fire,39.30224754583566,-119.83749001856408,347.2671507362378,2024-11-16,18:19:59,active
Davis Fire,39.30267487053053,-119.82524071074684,360.6605085107419,2024-11-13,23:44:46,active
Davis Fire,39.30061318442403,-119.82897047475927,351.36108369949295,2024-11-10,18:09:50,active
Davis Fire,39.3149210481607,-119.82597339727772,487.6762872891492,2024-11-16,11:32:27,active
Davis Fire,39.30685202880718,-119.83664607665209,348.03374425916417,2024-11-12,21:44:42,active
Davis Fire,39.29587926356074,-119.82419510976673,383.4545443272487,2024-11-15,08:07:19,active
Davis Fire,39.304256493574975,-119.82577194967742,436.56800759072894,2024-11-11,21:22:03,active
Davis Fire,39.31343489869171,-119.82663018166231,467.7585640573646,2024-11-10,22:30:53,active
Davis Fire,39.2993720367042,-119.83906383037467,444.44244232705887,2024-11-09,13:25:25,active
Davis Fire,39.31077935537547,-119.83667452745202,379.95864217502174,2024-11-14,08:16:51,active
Davis Fire,39.306524239473326,-119.83626413328936,488.1241749606773,2024-11-15,02:21:36,active
Davis Fire,39.31307885613246,-119.83531791477024,416.7873239597352,2024-11-13,14:20:04,active
Davis Fire,39.29548615434003,-119.83248128584115,461.0394042594552,2024-11-10,01:55:56,active
Davis Fire,39.30182848252281,-119.84110471352125,382.51522975894466,2024-11-08,21:10:32,active
Davis Fire,39.31212423870623,-119.83418072803686,302.143437656883,2024-11-09,00:44:41,active
Davis Fire,39.30236869514678,-119.8300626911924,340.48451086135145,2024-11-14,03:57:13,active
Davis Fire,39.299008496496825,-119.83048198096823,461.63735530941295,2024-11-12,10:20:46,active
Davis Fire,39.31132042236929,-119.84061332143163,425.9794328299965,2024-11-15,04:16:46,active
Davis Fire,39.30909254170917,-119.82847788720095,379.81973276956745,2024-11-16,01:30:23,active
Davis Fire,39.31035799305973,-119.8415387087034,397.66748514086606,2024-11-15,14:12:47,active
Davis Fire,39.299576448553466,-119.8420307589798,318.2852714724772,2024-11-10,03:40:38,active
Davis Fire,39.30234693399231,-119.83091018668797,335.8024523301278,2024-11-13,19:37:05,active
Davis Fire,39.301200663106975,-119.82598015595573,393.7183418591938,2024-11-16,14:34:16,active
Davis Fire,39.30508226834562,-119.84185817875984,473.93931597109065,2024-11-15,04:24:15,active
Davis Fire,39.3094867667404,-119.83662364101399,302.9839957638443,2024-11-16,14:18:50,active
Davis Fire,39.29994050055211,-119.82830117246836,457.75807640103335,2024-11-13,04:08:35,active
Davis Fire,39.31286721778352,-119.83176433501829,402.78691955771944,2024-11-12,20:42:19,active
Davis Fire,39.30054614438989,-119.83008931630202,484.1286698426554,2024-11-15,14:34:50,active
Davis Fire,39.30944395315876,-119.826843229019,424.9955760014884,2024-11-12,05:07:09,active
Davis Fire,39.30093257495069,-119.83618737655934,422.5199977111841,2024-11-09,09:39:28,active
Davis Fire,39.30094276734619,-119.83695499391811,453.0098365248659,2024-11-11,16:41:26,active
Davis Fire,39.302662755540986,-119.83244963901538,352.209939002924,2024-11-08,22:38:58,active
Davis Fire,39.295718469128154,-119.8358713917902,305.08501888561307,2024-11-13,12:47:29,active
Davis Fire,39.30828249993562,-119.84081376244919,379.06387230019493,2024-11-10,00:24:44,active
Davis Fire,39.30462861714105,-119.82450590070668,497.5919804338503,2024-11-10,21:52:52,active
Davis Fire,39.308456324960865,-119.83883359067661,365.2602561544505,2024-11-09,13:01:08,active
Davis Fire,39.31513111485132,-119.8293323985716,481.12624754445494,2024-11-11,23:26:36,active
Davis Fire,39.31030928401327,-119.83447046607,420.7175416757281,2024-11-16,13:46:45,active
Davis Fire,39.304793906084264,-119.8349049187919,419.44747971820306,2024-11-13,08:29:26,active
Davis Fire,39.30430841301839,-119.8227928243291,451.44979860343227,2024-11-12,22:47:36,active
Davis Fire,39.30470298124886,-119.83126694797623,453.24929082857125,2024-11-15,03:33:10,active
Davis Fire,39.31037298563496,-119.83537919641016,331.14835529230476,2024-11-12,00:27:55,active
Davis Fire,39.29578250681575,-119.84075645158454,390.5551465523363,2024-11-10,20:29:01,active
Davis Fire,39.30563509202001,-119.83634983306291,424.2701121780313,2024-11-12,02:22:32,active
Davis Fire,39.311210882226874,-119.82930932523884,468.92757686929815,2024-11-13,17:33:05,active
Davis Fire,39.31352630207504,-119.82293346851878,456.0033804142032,2024-11-15,07:25:00,active
Davis Fire,39.307446312207,-119.83991816472009,322.6338820844759,2024-11-10,05:26:07,active
Davis Fire,39.30956417872669,-119.84036470469712,445.5322160158347,2024-11-13,09:59:59,active
Davis Fire,39.314881506689154,-119.82725462764753,471.6584345351472,2024-11-14,09:59:25,active
Davis Fire,39.29706859915959,-119.82432021011924,397.77970468571715,2024-11-13,10:31:44,active
Davis Fire,39.31259589461996,-119.83209563902125,366.2340568108857,2024-11-15,13:31:52,active
Davis Fire,39.31430892301485,-119.83334375987256,478.4021241604016,2024-11-09,10:53:40,active
Davis Fire,39.30525705943779,-119.8312116367311,468.1850162366736,2024-11-14,01:15:12,active
Davis Fire,39.30822001475952,-119.83860717718511,373.75752184988056,2024-11-10,18:11:44,active
Davis Fire,39.30690625639614,-119.82839756930889,352.73392531810447,2024-11-14,14:47:23,active
Davis Fire,39.29561904987229,-119.83659551369233,479.51755399439446,2024-11-10,00:18:10,active
Davis Fire,39.29732362393101,-119.82411219034,482.16235329557844,2024-11-16,18:25:11,active
Davis Fire,39.30967922367999,-119.82861975256122,401.27695717649624,2024-11-12,15:53:16,active
Davis Fire,39.307114850769956,-119.84188627162678,400.7970675314833,2024-11-10,00:08:41,active
Davis Fire,39.31290568207413,-119.83632339604017,353.19283828624606,2024-11-08,22:20:54,active
Davis Fire,39.30967965146205,-119.82738084215477,408.6760316269469,2024-11-08,21:48:11,active
Davis Fire,39.30706234869672,-119.82968067102256,418.7041694469066,2024-11-11,03:02:51,active
Davis Fire,39.30746345526899,-119.837709003715,390.34190915090136,2024-11-10,17:03:35,active
Davis Fire,39.29776624263278,-119.82289363538426,354.7219039360753,2024-11-08,22:06:07,active
Davis Fire,39.29634111426414,-119.82690824619911,325.8317593919078,2024-11-15,21:50:51,active
Davis Fire,39.29845940102762,-119.82320870016531,395.3671047209015,2024-11-14,10:09:34,active
Davis Fire,39.306105411433755,-119.83317914590695,376.4949644334614,2024-11-15,22:42:48,active
Davis Fire,39.30593749844513,-119.83717004908583,300.1625199896566,2024-11-13,16:48:15,active
Davis Fire,39.308274194857105,-119.82399925809884,410.08323169830027,2024-11-13,16:39:17,active
Davis Fire,39.3043443563303,-119.82586532179864,456.8169411667442,2024-11-12,15:53:50,active
Davis Fire,39.306263428759756,-119.82408802159564,380.7864150511403,2024-11-13,05:01:00,active
Davis Fire,39.29660309641241,-119.82623245013657,471.259895282064,2024-11-14,00:46:54,active
Davis Fire,39.30975790325397,-119.82375557021784,377.85635258220583,2024-11-11,05:38:35,active
Davis Fire,39.300652763291154,-119.83456477359911,470.084434054472,2024-11-12,03:44:15,active
Davis Fire,39.30521513283014,-119.82913378204859,358.05353508442016,2024-11-10,12:27:28,active
Davis Fire,39.30799917877317,-119.82614493693346,334.94496403692443,2024-11-15,00:01:31,active
Davis Fire,39.31015377566416,-119.84001276723924,390.887736270608,2024-11-15,16:38:13,active
Davis Fire,39.31213055787967,-119.83860583866003,333.5251164345939,2024-11-14,07:38:07,active
Davis Fire,39.30300749419416,-119.82374305832117,386.5330842894788,2024-11-13,09:06:14,active
Davis Fire,39.2956685557361,-119.84242793533289,456.7703770355309,2024-11-14,23:19:10,active
Davis Fire,39.30236188556902,-119.82778657363266,345.28366405263773,2024-11-12,17:32:26,active
Davis Fire,39.2973381788306,-119.82467893339053,345.0184194774622,2024-11-09,21:07:25,active
Davis Fire,39.301181557794585,-119.84194146369707,399.1490997040427,2024-11-15,11:31:14,active
Davis Fire,39.303171836929344,-119.82679255496436,337.8097825618751,2024-11-13,09:17:43,active
Davis Fire,39.29632326893717,-119.83776769437657,351.9028058462543,2024-11-12,23:39:47,active
Davis Fire,39.304512828178915,-119.84217611951021,478.46391486444406,2024-11-14,02:56:29,active
Davis Fire,39.31123142230433,-119.83191968882481,478.4405348085569,2024-11-09,03:31:53,active
Davis Fire,39.30513574888594,-119.84033955313723,413.48285387485606,2024-11-15,17:05:08,active
Davis Fire,39.30538804786191,-119.8362047019002,332.937947736838,2024-11-08,19:51:58,active
Davis Fire,39.30779124443945,-119.83146405937369,422.66197422874615,2024-11-11,11:02:14,active
Davis Fire,39.29806267050467,-119.83986387226825,321.87596244047,2024-11-14,10:58:26,active
Davis Fire,39.308375727162634,-119.82762590660766,463.84215760295024,2024-11-16,17:00:04,active
Davis Fire,39.308641365822346,-119.84238074325756,464.91351968773404,2024-11-15,15:42:29,active
Davis Fire,39.31087222108577,-119.82964605859222,476.8931377517684,2024-11-09,06:29:39,active
Davis Fire,39.29857352176014,-119.84016135966375,397.46612950672096,2024-11-15,22:51:50,active
Davis Fire,39.313649452365986,-119.82837324259464,382.0834979656588,2024-11-16,05:08:39,active
Davis Fire,39.29885929993955,-119.84242837402356,308.36089497348837,2024-11-09,12:25:03,active
Davis Fire,39.29596083104591,-119.83509781098032,328.6040316143523,2024-11-14,02:18:44,active
Davis Fire,39.31272880660775,-119.83441034321643,349.7827173000203,2024-11-14,07:16:06,active
Davis Fire,39.31370413435678,-119.82999680252317,461.2724978689454,2024-11-14,14:52:23,active
Davis Fire,39.302990879424854,-119.82311988756591,309.3877769108002,2024-11-09,23:50:53,active
Davis Fire,39.30757561186313,-119.83472206811084,457.0124991296152,2024-11-11,06:37:00,active
Davis Fire,39.29609559780703,-119.83895897118234,439.7549503214921,2024-11-13,00:16:36,active
Davis Fire,39.31503562968181,-119.83888700335748,402.7961561169309,2024-11-16,05:21:43,active
Davis Fire,39.30998982702947,-119.82621854789075,345.98791107974125,2024-11-12,00:05:32,active
Davis Fire,39.30455417915928,-119.83050669831921,410.77289569377456,2024-11-12,15:37:17,active
Davis Fire,39.29938119890483,-119.83099069272063,374.0740323242426,2024-11-15,19:55:42,active
Davis Fire,39.29985688886574,-119.82999649559846,330.1802132738744,2024-11-14,16:48:27,active
Davis Fire,39.29553081179792,-119.83807589014975,399.73869556558486,2024-11-14,20:34:31,active
Davis Fire,39.30102489260463,-119.82452955230778,454.92140483186853,2024-11-10,23:26:34,active
Davis Fire,39.30274174225745,-119.83757942410004,430.8777801244905,2024-11-09,16:06:59,active
Davis Fire,39.29850035689817,-119.83446638816781,495.4868789609544,2024-11-14,14:10:01,active
Davis Fire,39.29722271771302,-119.83888740545686,470.8446183686728,2024-11-09,18:05:31,active
Davis Fire,39.31209685476029,-119.83285405503513,413.5668869694123,2024-11-10,00:37:02,active
Davis Fire,39.29963531506784,-119.82661408231519,480.3399040269262,2024-11-15,00:22:38,active
Davis Fire,39.31304164524415,-119.82685930321699,411.18669943393434,2024-11-16,11:54:40,active
Davis Fire,39.30274712240416,-119.82573046137516,363.0900399499159,2024-11-14,11:52:17,active
Davis Fire,39.31321018894765,-119.83406641865732,491.6488528454488,2024-11-15,10:38:39,active
Davis Fire,39.30414879259178,-119.823330031471,389.5431794997123,2024-11-11,07:12:52,active
Davis Fire,39.31511415137854,-119.832036552247,491.44538383987026,2024-11-16,18:53:29,active
Davis Fire,39.298140393004445,-119.8381561955379,485.13443455876927,2024-11-10,00:35:28,active
Davis Fire,39.31169628343,-119.83353391217503,310.7125129320967,2024-11-15,15:08:42,active
Davis Fire,39.29743942123362,-119.83436549918561,441.10263988056874,2024-11-15,06:14:55,active
Davis Fire,39.30441792324696,-119.82674538429316,313.5238391641345,2024-11-13,15:16:17,active
Davis Fire,39.31191256726537,-119.84218562853421,359.7152616593167,2024-11-15,00:52:23,active
Davis Fire,39.301855289769755,-119.83391797898919,338.1469532721375,2024-11-14,21:59:43,active
Davis Fire,39.312074883307574,-119.83623934442168,463.9013826614178,2024-11-09,07:28:06,active
Davis Fire,39.30086816771907,-119.82629248132767,474.889862034726,2024-11-16,13:41:45,active
Davis Fire,39.302198853407305,-119.8379174963337,465.87006023911385,2024-11-14,08:29:04,active
Davis Fire,39.3053098653016,-119.82543673168595,448.07326970585956,2024-11-13,12:50:39,active
Davis Fire,39.29998703462924,-119.8305380927084,433.76274096650457,2024-11-12,10:09:56,active
Davis Fire,39.31157430303865,-119.8346347832171,475.85516287440487,2024-11-16,11:27:54,active
Davis Fire,39.308132334738225,-119.83702138027249,490.78791034203135,2024-11-09,09:03:27,active
Davis Fire,39.29766654306641,-119.82442434394513,356.36213669061226,2024-11-08,23:35:12,active
Davis Fire,39.3141470338558,-119.84088745647857,450.63659980573425,2024-11-09,22:05:35,active
Davis Fire,39.297724901897375,-119.83958674374908,317.66441592789835,2024-11-11,07:47:01,active
Davis Fire,39.30164679011329,-119.8396857695012,498.03991953942653,2024-11-16,07:52:10,active
Davis Fire,39.297589640379485,-119.82769982395197,396.1934002170698,2024-11-09,05:23:36,active
Davis Fire,39.30627316370325,-119.83905314823355,338.6218351749398,2024-11-13,17:03:24,active
Davis Fire,39.311826261709925,-119.82733022093923,340.5073054182403,2024-11-13,19:10:20,active
Davis Fire,39.31173510843136,-119.83489723149208,437.21555086285565,2024-11-12,12:27:11,active
Davis Fire,39.313933728939816,-119.83315776842538,493.7244696561536,2024-11-16,00:27:10,active
Davis Fire,39.29770835795747,-119.83038356996427,441.4237085409403,2024-11-14,09:32:39,active
Davis Fire,39.306306038598684,-119.82554272791559,391.5347499719242,2024-11-13,18:18:06,active
Davis Fire,39.314343244816975,-119.84146627829983,491.57806293308454,2024-11-09,15:06:59,active
Davis Fire,39.30727652505571,-119.83771446329722,428.0787554103281,2024-11-12,12:24:51,active
Davis Fire,39.31448655242747,-119.82646330642837,443.96218904536244,2024-11-09,08:05:47,active
Davis Fire,39.305119048740366,-119.83507566935883,428.587715098511,2024-11-14,08:17:40,active
Davis Fire,39.302373655829136,-119.83000105752895,366.699826612964,2024-11-16,18:39:02,active
Davis Fire,39.308622715379265,-119.83504480171092,498.6586351149356,2024-11-09,05:16:10,active
Davis Fire,39.30084516569229,-119.83458197228582,443.80125847449216,2024-11-13,13:17:02,active
Davis Fire,39.30749308157943,-119.8277666309001,356.7193875236805,2024-11-14,21:09:06,active
Davis Fire,39.313567204192424,-119.82908728539503,455.3531745373402,2024-11-08,23:09:19,active
Davis Fire,39.31287860161388,-119.84019136066831,407.2380803944406,2024-11-10,09:35:50,active
Davis Fire,39.301881272418505,-119.84160942173676,429.8000642147682,2024-11-14,09:12:06,active
Davis Fire,39.30735531076606,-119.83174042776619,409.52429040775064,2024-11-11,20:04:22,active
Davis Fire,39.303681692057786,-119.82649716631185,389.9998430392182,2024-11-16,17:33:13,active
Davis Fire,39.30550991474918,-119.82877351919514,309.1994642892998,2024-11-09,06:16:14,active
Davis Fire,39.303194598545524,-119.83195540744703,310.16661074468806,2024-11-10,15:13:09,active
Davis Fire,39.29883045770832,-119.83049648557555,484.34273326115874,2024-11-12,00:27:54,active
Davis Fire,39.31321088638026,-119.82814145623891,455.3261336146958,2024-11-14,03:17:52,active
Davis Fire,39.30601700993535,-119.84080116580233,461.4684850650062,2024-11-09,15:27:43,active
Davis Fire,39.30153369747981,-119.82697754629024,389.6954176385606,2024-11-11,19:00:54,active
Davis Fire,39.30269724716417,-119.83452901480118,388.36638888713156,2024-11-16,00:19:02,active
Davis Fire,39.30391314960945,-119.82649368692347,426.00199650553833,2024-11-15,06:06:22,active
Davis Fire,39.29806203120537,-119.84129688171762,365.4611724302314,2024-11-10,01:47:13,active
Davis Fire,39.30349036120358,-119.82928463759394,478.50361763449166,2024-11-12,06:26:11,active
Davis Fire,39.29894116489022,-119.82594759882213,474.7068859788742,2024-11-15,12:11:41,active
Davis Fire,39.314804429177464,-119.83408955328945,493.9826627483254,2024-11-16,02:51:20,active
Davis Fire,39.30206261230152,-119.84157505698923,385.3676589576257,2024-11-09,11:45:14,active
Davis Fire,39.308582350325366,-119.84190260191313,373.78164391338873,2024-11-10,06:13:18,active
Davis Fire,39.31280393665402,-119.82402615856778,435.66440089589537,2024-11-16,05:57:16,active
Davis Fire,39.31447950408143,-119.83774022778128,482.86247968559684,2024-11-13,00:46:53,active
Davis Fire,39.306823352325495,-119.83353549794379,416.9338543415263,2024-11-16,12:13:34,active
Davis Fire,39.31320644933341,-119.83715513576854,380.354771808367,2024-11-13,07:41:54,active
Davis Fire,39.30882541274032,-119.82320174634964,366.5566556006172,2024-11-11,05:22:37,active
Davis Fire,39.31486822833093,-119.83006523562064,487.8887251599202,2024-11-15,16:19:03,active
Davis Fire,39.298123200499134,-119.83788156819755,440.06471629861085,2024-11-14,11:25:13,active
Davis Fire,39.30782365733373,-119.83696007270034,435.60045895746634,2024-11-12,20:27:54,active
Davis Fire,39.30550754112314,-119.824991860207,308.39855588425087,2024-11-15,01:10:36,active
Davis Fire,39.31266063744653,-119.83883016641487,337.2786288657958,2024-11-14,08:01:32,active
Davis Fire,39.31457230701419,-119.8253074234851,307.03222234139855,2024-11-12,15:09:26,active
Davis Fire,39.309210524271634,-119.83328724755404,310.40722649295554,2024-11-08,20:18:22,active
Davis Fire,39.30190029327921,-119.82345835126522,410.09866478421736,2024-11-16,06:38:23,active
Davis Fire,39.31160113605085,-119.8397550466626,412.7967313090056,2024-11-09,08:34:00,active
Davis Fire,39.304387696738324,-119.83342753090064,487.12681444452085,2024-11-08,23:26:28,active
Davis Fire,39.30534972844388,-119.82756510751359,406.5844754424953,2024-11-13,07:47:47,active
Davis Fire,39.30630841568347,-119.83345180305278,338.23312252277566,2024-11-14,07:19:43,active
Davis Fire,39.30650453470291,-119.84053933767233,336.05277681722833,2024-11-10,16:21:24,active
Davis Fire,39.302071832312585,-119.82948493405529,359.72310500123365,2024-11-13,20:47:13,active
Davis Fire,39.29860789959467,-119.823217618597,486.56907790220816,2024-11-10,04:25:58,active
Davis Fire,39.31187293775452,-119.83351633633161,311.88632555493786,2024-11-11,04:32:43,active
Davis Fire,39.304728174314825,-119.83991815403638,350.9488968617414,2024-11-16,00:02:58,active
Davis Fire,39.30637851154863,-119.82421979456772,491.4858455792256,2024-11-15,08:50:45,active
Davis Fire,39.30311950986217,-119.84059943929216,428.36623214515424,2024-11-11,18:16:50,active
Davis Fire,39.3030915023128,-119.82440524449311,490.36347192838514,2024-11-14,06:34:27,active
Davis Fire,39.31280064337304,-119.82779743045424,389.82380988138533,2024-11-09,06:58:17,active
Davis Fire,39.298353902204965,-119.84073801540762,413.56302921105424,2024-11-10,00:03:52,active
Davis Fire,39.309745625883764,-119.82627730832834,323.9305976187998,2024-11-09,09:40:28,active
Davis Fire,39.30839100688035,-119.83008301231465,473.00503298759656,2024-11-13,13:17:28,active
Davis Fire,39.30945143361105,-119.8305768381367,424.3749979498229,2024-11-13,00:03:58,active
Davis Fire,39.30269054427398,-119.83510372771546,373.78116970841387,2024-11-09,17:05:13,active
Davis Fire,39.29875646489614,-119.83407545600276,458.55624969591145,2024-11-09,13:40:45,active
Davis Fire,39.3022717634277,-119.82710879601757,393.5168067525825,2024-11-10,09:09:18,active
Davis Fire,39.31310537094003,-119.83949664443283,371.10972150310687,2024-11-14,09:37:44,active
Davis Fire,39.307661026854134,-119.83034919904209,422.03753466257797,2024-11-13,11:40:49,active
Davis Fire,39.299659675856674,-119.83414037193872,338.4296859788313,2024-11-15,18:12:43,active
Davis Fire,39.295292811709324,-119.84143603938006,384.6037650664906,2024-11-13,01:49:24,active
Davis Fire,39.29949065444947,-119.83391301022809,331.207417864267,2024-11-10,12:47:44,active
Davis Fire,39.29943336965278,-119.83775891208096,461.0215274559822,2024-11-12,15:39:40,active
Davis Fire,39.31358241984808,-119.83087338040217,425.51514202915615,2024-11-09,17:52:10,active
Davis Fire,39.30664995182496,-119.82309600880032,376.2216646047261,2024-11-09,03:21:10,active
Davis Fire,39.30457458519507,-119.82594526045696,366.0354833042976,2024-11-12,18:55:55,active
Davis Fire,39.307878553732984,-119.82263052461397,348.92180997616646,2024-11-12,16:16:32,active
Davis Fire,39.31462538025209,-119.84046866612424,447.4569208871484,2024-11-10,22:43:20,active
Davis Fire,39.29970805702813,-119.83059929225327,449.74995740773954,2024-11-11,21:30:03,active
Davis Fire,39.30919181041607,-119.83106167452235,417.3039003270999,2024-11-11,08:30:55,active
Davis Fire,39.314430240309164,-119.83028787716557,382.2127781328379,2024-11-16,17:31:33,active
Davis Fire,39.313823570763,-119.83769983777513,450.64366576070216,2024-11-11,04:43:53,active
Davis Fire,39.30922527002978,-119.8303191858285,401.90915961758856,2024-11-14,23:51:36,active
Davis Fire,39.30034173053924,-119.8308766801624,380.0857014513316,2024-11-10,22:03:52,active
Davis Fire,39.30118998344777,-119.83005861504571,427.1105830672821,2024-11-10,15:31:20,active
Davis Fire,39.30434869549602,-119.8261446304515,323.27238142232574,2024-11-14,17:33:36,active
Davis Fire,39.30196239678191,-119.8364845966801,439.8193254561387,2024-11-14,16:39:36,active
Davis Fire,39.29864043863257,-119.83850365122382,437.6701193887357,2024-11-16,02:17:04,active
Davis Fire,39.306151283170564,-119.83674854565183,376.01260728588295,2024-11-10,23:52:02,active
Davis Fire,39.313130681101555,-119.8396559839765,481.79806806472527,2024-11-10,05:42:40,active
Davis Fire,39.297369435240036,-119.83772988674632,407.2327242341585,2024-11-14,12:51:07,active
Davis Fire,39.29712041215194,-119.8269028644347,430.1117224757228,2024-11-09,03:42:29,active
Davis Fire,39.305720719091724,-119.83723874371577,488.2215685286524,2024-11-16,10:36:08,active
Davis Fire,39.30824601858471,-119.82619194398383,481.94386749091706,2024-11-14,21:43:17,active
Davis Fire,39.315121320218935,-119.829481092502,403.36386219383866,2024-11-10,00:53:45,active
Davis Fire,39.29773297339412,-119.83871267995353,316.31348058688343,2024-11-10,12:57:20,active
Davis Fire,39.30266432732494,-119.8261217632025,430.7010945386792,2024-11-12,13:07:14,active
Davis Fire,39.303686164138725,-119.83225080205474,473.92952465400174,2024-11-12,09:55:07,active
Davis Fire,39.298434198387504,-119.83421977981544,418.68599585735353,2024-11-10,23:15:31,active
Davis Fire,39.30962323857511,-119.83680190314949,426.87225900432867,2024-11-10,00:32:20,active
Davis Fire,39.29960078079612,-119.8232554606149,431.6018013476229,2024-11-15,02:55:38,active
Davis Fire,39.29812096201106,-119.83264412129577,485.0368735592838,2024-11-11,12:30:44,active
Davis Fire,39.30289784906617,-119.82829934836224,477.40727975391997,2024-11-16,14:46:27,active
Davis Fire,39.29810334866964,-119.82406687665814,433.620049953104,2024-11-09,01:45:11,active
Davis Fire,39.308120206007885,-119.83204918650755,369.5976097366447,2024-11-15,02:26:53,active
Davis Fire,39.31490853360431,-119.83652341517045,498.4832893395744,2024-11-09,16:27:59,active
Davis Fire,39.301034636517024,-119.8248887983899,494.4357110591798,2024-11-12,09:36:52,active
Davis Fire,39.29616999604776,-119.84100186004535,348.83895648255407,2024-11-16,04:03:09,active
Davis Fire,39.30792473618881,-119.83819977333594,355.9922640974512,2024-11-11,07:41:49,active
Davis Fire,39.31452670152714,-119.83480949498585,469.8187155215378,2024-11-12,05:55:19,active
Davis Fire,39.311264838848786,-119.82663469797501,478.9195079905832,2024-11-08,21:47:23,active
Davis Fire,39.30878254605149,-119.84129551781368,407.7434490750851,2024-11-15,02:48:20,active
Davis Fire,39.30312776164227,-119.83465578495029,451.4235848392515,2024-11-10,16:19:14,active
Davis Fire,39.31475418471101,-119.83184718554162,330.3880690208169,2024-11-14,03:46:25,active
Davis Fire,39.31406837219529,-119.840665978178,330.4008500114632,2024-11-12,20:20:32,active
Davis Fire,39.29596227587674,-119.8257764481976,410.7666417248869,2024-11-09,13:58:54,active
Davis Fire,39.30495738266753,-119.82709958929709,475.3983073472703,2024-11-10,06:51:30,active
Davis Fire,39.30925451709418,-119.82321524394777,456.00526750138863,2024-11-14,06:01:29,active
Davis Fire,39.301668887719394,-119.836461952523,433.2565113544359,2024-11-12,09:18:50,active
Davis Fire,39.30507601374004,-119.82412036563534,480.05487511498853,2024-11-12,18:19:37,active
Davis Fire,39.312553139790644,-119.83529135921911,319.21997411158145,2024-11-11,10:00:37,active
Davis Fire,39.312048266281145,-119.83066508666047,481.55757075643106,2024-11-13,13:13:43,active
Davis Fire,39.30074241479194,-119.83985224529175,409.539351685949,2024-11-09,19:43:03,active
Davis Fire,39.29969725660847,-119.83001935852762,455.31123148964264,2024-11-15,20:06:36,active
Davis Fire,39.30411293509436,-119.83988623448946,334.08317905785674,2024-11-13,17:46:12,active
Davis Fire,39.30712643547599,-119.82705079104309,322.93930858469986,2024-11-15,00:50:40,active
Davis Fire,39.31186665337476,-119.82998020742866,433.37886597056354,2024-11-13,21:44:18,active
Davis Fire,39.29580447275701,-119.83360953985364,431.2020692599368,2024-11-15,09:52:08,active
Davis Fire,39.30413328770386,-119.82523999019526,486.3458801715569,2024-11-14,16:10:03,active
Davis Fire,39.313609940179816,-119.82605996822393,437.5406641657624,2024-11-14,23:32:59,active
Davis Fire,39.30531545308617,-119.83060098592745,325.5179592136351,2024-11-16,03:54:36,active
Davis Fire,39.30966743137957,-119.84237528437669,484.99821164017294,2024-11-10,04:06:56,active
Davis Fire,39.29944013983864,-119.83621333393594,497.3416572484949,2024-11-15,18:47:12,active
Davis Fire,39.314240540441794,-119.83552960804391,377.03609264474846,2024-11-11,06:48:58,active
Davis Fire,39.300502632720075,-119.82717183190596,426.0494712835803,2024-11-13,12:56:54,active
Davis Fire,39.31236768992347,-119.83743830090698,362.52247268163995,2024-11-13,04:29:55,active
Davis Fire,39.31218258981639,-119.83859815001114,473.5044142804012,2024-11-10,14:08:27,active
Davis Fire,39.30659879880838,-119.82875871745726,480.2955321166585,2024-11-12,13:52:42,active
Davis Fire,39.30167853279979,-119.83961281453027,457.71901723402425,2024-11-11,03:17:23,active
Davis Fire,39.312170054369176,-119.84063158246344,498.0346267370413,2024-11-13,05:29:24,active
Davis Fire,39.30021756249021,-119.8417588863216,416.71122960037644,2024-11-16,11:40:13,active
Davis Fire,39.30699841995837,-119.83182691806383,470.0465185797981,2024-11-09,03:47:08,active
Davis Fire,39.30829999019133,-119.84004957338001,425.0499079184496,2024-11-16,11:51:28,active
Davis Fire,39.3144079977051,-119.83373089998415,304.22327035529344,2024-11-15,03:58:43,active
Davis Fire,39.30572990218806,-119.83957504086663,467.38619851099884,2024-11-09,20:53:58,active
Davis Fire,39.311531305475114,-119.84124877389647,398.32866848910027,2024-11-16,00:48:46,active
Davis Fire,39.302748485778984,-119.82251725566952,475.06705478471866,2024-11-15,13:39:46,active
Davis Fire,39.3022607813184,-119.83281472824157,383.3352942997045,2024-11-10,11:22:29,active
Davis Fire,39.30684168866319,-119.83016793621672,375.7589613137118,2024-11-15,07:02:12,active
Davis Fire,39.30591461376242,-119.84031102618187,419.4732781961123,2024-11-13,10:58:15,active
Davis Fire,39.31245876999292,-119.82555518528677,342.97777177103774,2024-11-13,10:17:25,active
Davis Fire,39.309940765962985,-119.83852232284326,318.64837787683007,2024-11-14,17:05:17,active
Davis Fire,39.30547551703695,-119.8272561547266,481.17967717492274,2024-11-09,03:14:47,active
Davis Fire,39.306906594457956,-119.83457948893393,392.4170185784747,2024-11-16,18:47:44,active
Davis Fire,39.30096722198995,-119.83581892560233,358.36236776754885,2024-11-10,15:34:41,active
Davis Fire,39.30586243000697,-119.83510433095715,450.85921561386357,2024-11-13,14:29:00,active
Davis Fire,39.302550375080024,-119.83830339387282,487.19097049925546,2024-11-16,03:00:07,active
Davis Fire,39.30464897586884,-119.8272284689953,460.36688530992524,2024-11-12,09:40:33,active
Davis Fire,39.30113185870157,-119.82310147267268,310.69787750680763,2024-11-09,02:26:06,active
Davis Fire,39.3094549696789,-119.83924547800115,445.7089912535255,2024-11-13,17:35:05,active
Davis Fire,39.300555436123425,-119.82512255287186,381.6708798264667,2024-11-15,09:50:21,active
Davis Fire,39.31108271526665,-119.83802498457464,433.5101482179293,2024-11-15,10:22:29,active
Davis Fire,39.296002669031225,-119.83904155182209,360.7964952391857,2024-11-11,14:26:24,active
Davis Fire,39.31336831760813,-119.83877308173139,430.0861146820125,2024-11-09,00:36:44,active
Davis Fire,39.30383684854596,-119.84202652840919,454.51641735194266,2024-11-14,07:49:09,active
Davis Fire,39.30271090019551,-119.84212805557209,486.2719974714151,2024-11-16,13:57:57,active
Davis Fire,39.31420978610494,-119.84010202442967,472.3358022754428,2024-11-14,12:59:30,active
Davis Fire,39.29947414101245,-119.82282645794132,388.75791436830394,2024-11-09,04:34:10,active
Davis Fire,39.31311254617637,-119.84197519704834,480.14420124501464,2024-11-12,09:35:24,active
Davis Fire,39.296276845963725,-119.83778151882078,463.42132824833914,2024-11-10,23:41:32,active
Davis Fire,39.30502433617252,-119.82827897115091,319.19366025285296,2024-11-10,15:45:04,active
Davis Fire,39.309823312399004,-119.83330129867484,407.08803005720665,2024-11-13,19:59:09,active
Davis Fire,39.295354080925996,-119.83675789888393,315.62399579737456,2024-11-15,19:47:41,active
Davis Fire,39.3134848751361,-119.82704485199193,344.84770593023836,2024-11-11,12:08:13,active
Davis Fire,39.31327414008419,-119.83623336023847,343.9532155155057,2024-11-10,22:59:27,active
Davis Fire,39.306280914538895,-119.8241843750084,475.19145655857574,2024-11-11,04:30:38,active
Davis Fire,39.301586124073516,-119.82653410748858,462.15206282734425,2024-11-16,06:22:18,active
Davis Fire,39.29829541587406,-119.82610144294102,343.3280194063614,2024-11-15,03:21:34,active
Davis Fire,39.30505115894188,-119.82718762780623,447.63661382287574,2024-11-11,07:30:35,active
Davis Fire,39.30145167070808,-119.82669675083127,389.91260595714976,2024-11-11,19:29:38,active
Davis Fire,39.31393512835116,-119.83665061562145,445.44722660987736,2024-11-14,15:31:36,active
Davis Fire,39.31496022505624,-119.84093411455409,449.1086729127484,2024-11-15,13:10:17,active
Davis Fire,39.305624151020844,-119.84190039222833,462.3330847548885,2024-11-10,04:58:13,active
Davis Fire,39.30911260866978,-119.83555744111997,458.38909154930343,2024-11-15,18:01:05,active
Davis Fire,39.30202915945427,-119.82428735777354,420.4747890370372,2024-11-11,00:06:05,active
Davis Fire,39.30895099046741,-119.84181632248408,433.74161430858624,2024-11-09,22:29:09,active
Davis Fire,39.305697628748135,-119.8402562241025,371.3000757753973,2024-11-09,22:09:00,active
Davis Fire,39.30235839146611,-119.82864323524097,355.37167925435995,2024-11-09,15:35:44,active
Davis Fire,39.301685585591564,-119.83530091573017,471.2868996628759,2024-11-15,07:37:07,active
Davis Fire,39.29585175178277,-119.83583600468401,454.10419943534623,2024-11-14,21:34:17,active
Davis Fire,39.310113827923075,-119.83789273077781,386.9773844411536,2024-11-14,21:43:08,active
Davis Fire,39.298793607605184,-119.83433131600742,384.24710645475227,2024-11-11,23:57:27,active
Davis Fire,39.30148299746455,-119.82339206984064,334.6019801633305,2024-11-10,03:31:43,active
Davis Fire,39.30841551070075,-119.83075685370756,447.03069280938286,2024-11-12,13:50:35,active
Davis Fire,39.311038765846796,-119.84068952477027,395.1622126940285,2024-11-16,06:00:29,active
Davis Fire,39.299882508008814,-119.83995425165243,401.3933225180848,2024-11-11,10:22:02,active
Davis Fire,39.313784447511935,-119.83964484223338,308.00043638013636,2024-11-13,06:48:16,active
Davis Fire,39.297508491366024,-119.82611739604761,419.7805915154228,2024-11-10,22:50:25,active
Davis Fire,39.30794169619309,-119.83915439298441,380.2378805337663,2024-11-16,16:51:15,active
Davis Fire,39.29588834918206,-119.83685643543849,359.23671671846387,2024-11-10,08:09:22,active
Davis Fire,39.29681692362546,-119.83384002079477,417.93034848957035,2024-11-12,13:28:07,active
Davis Fire,39.31040775442229,-119.83640466673641,428.5869626953868,2024-11-16,03:30:25,active
Davis Fire,39.31104269530591,-119.8382114411772,432.7467838416782,2024-11-09,09:50:46,active
Davis Fire,39.30276173858723,-119.83116704174655,389.96981170808033,2024-11-12,16:03:37,active
Davis Fire,39.30139362844348,-119.82381282577286,469.6688570653683,2024-11-15,21:06:24,active
Davis Fire,39.29698090695089,-119.8337715042222,386.21588523389335,2024-11-16,10:34:53,active
Davis Fire,39.30174138296026,-119.84245295767106,317.0519419385894,2024-11-08,23:21:19,active
Davis Fire,39.30957752901394,-119.83240569476604,348.74343344902934,2024-11-12,14:31:03,active
Davis Fire,39.3116502617858,-119.8322676040446,426.920696483444,2024-11-15,23:13:14,active
Davis Fire,39.31342133248104,-119.82770131163987,328.61826889488515,2024-11-14,01:34:46,active
Davis Fire,39.30433477647673,-119.83561898663848,311.76833915334623,2024-11-15,04:19:54,active
Davis Fire,39.2993365648875,-119.8253087642379,453.5959264586205,2024-11-13,12:49:55,active
Davis Fire,39.29636759211292,-119.83183831289035,395.1253971163105,2024-11-11,02:52:11,active
Davis Fire,39.313783897839265,-119.8371833912751,350.70926599503156,2024-11-11,07:45:08,active
Davis Fire,39.29855094378743,-119.84063351300263,385.1980058479338,2024-11-11,10:12:50,active
Davis Fire,39.31479121402343,-119.84194062444298,310.9016250818022,2024-11-09,06:54:46,active
Davis Fire,39.31477994647898,-119.84017922571674,387.04233771113144,2024-11-15,18:59:54,active
Davis Fire,39.297369332502555,-119.84010611976183,383.16539456275586,2024-11-09,23:19:22,active
Davis Fire,39.31406723638774,-119.8391566186871,335.5201418562184,2024-11-10,10:02:02,active
Davis Fire,39.30673893500062,-119.83913415183758,490.5181633240056,2024-11-09,11:10:16,active
Davis Fire,39.31253863491664,-119.83436275171155,309.0093903362045,2024-11-15,12:48:42,active
Davis Fire,39.312535919687086,-119.83735089409346,470.4890690040264,2024-11-15,15:47:09,active
Davis Fire,39.3049516928502,-119.82854423323552,398.6531415744,2024-11-13,16:21:05,active
Davis Fire,39.31472610554713,-119.82295697939607,468.8280632829075,2024-11-13,02:23:56,active
Davis Fire,39.31281267177548,-119.83132766602934,469.4009653876433,2024-11-14,10:59:36,active
Davis Fire,39.30077047378712,-119.83686544886503,498.29461872614036,2024-11-11,06:25:50,active
Davis Fire,39.30674790773293,-119.83679004717588,453.896811150903,2024-11-10,21:14:22,active
Davis Fire,39.30132661419593,-119.83342505901102,381.5393459208555,2024-11-16,12:42:29,active
Davis Fire,39.30715679374845,-119.83525807389437,336.23920378986185,2024-11-11,02:49:14,active
Davis Fire,39.29602256855527,-119.83047264717531,460.2314926078591,2024-11-11,02:56:46,active
Davis Fire,39.30984869653913,-119.83310005058658,429.07516508160427,2024-11-11,15:11:22,active
Davis Fire,39.29785163590683,-119.83275973369041,324.60136244014166,2024-11-10,01:14:44,active
Davis Fire,39.29779013459964,-119.82963423933026,373.1896836036892,2024-11-15,15:04:56,active
Davis Fire,39.299668434984774,-119.82837625453581,407.40691662591956,2024-11-13,07:26:54,active
Davis Fire,39.31023279367885,-119.83177232709184,472.80017388531985,2024-11-12,08:05:23,active
Davis Fire,39.304113700438414,-119.82423144709009,451.23885337076,2024-11-09,05:06:14,active
Davis Fire,39.300534235627424,-119.8364178956557,495.41227147329727,2024-11-09,01:53:58,active
Davis Fire,39.30872857531439,-119.83493031675208,337.54306957915446,2024-11-14,21:49:48,active
Davis Fire,39.30204072436318,-119.83375682664023,394.1133466277198,2024-11-09,00:46:08,active
Davis Fire,39.31363303558244,-119.8366810011595,460.23753515334056,2024-11-15,12:37:40,active
Davis Fire,39.30502416565933,-119.82514855692997,312.48258785208907,2024-11-09,06:49:17,active
Davis Fire,39.3035175456263,-119.82625221932113,318.98217446586585,2024-11-12,15:33:43,active
Davis Fire,39.30934073236411,-119.84174592549162,366.2112324314257,2024-11-12,07:56:36,active
Davis Fire,39.309106041963176,-119.82839517043568,396.5875002801434,2024-11-14,04:57:23,active
Davis Fire,39.29818820830406,-119.82760137864211,384.34581057638434,2024-11-10,17:39:44,active
Davis Fire,39.311073744120634,-119.83361921436585,492.3804941024821,2024-11-12,15:59:23,active
Davis Fire,39.31414240247829,-119.84155913113048,481.1388527626625,2024-11-11,11:33:59,active
Davis Fire,39.30594446688816,-119.83399939156459,444.6011151111255,2024-11-14,02:27:26,active
Davis Fire,39.30928069287863,-119.82857185346128,467.9443731824214,2024-11-08,23:15:45,active
Davis Fire,39.30251925839276,-119.83274103725473,348.8681542806431,2024-11-12,14:09:39,active
Davis Fire,39.30941879919716,-119.83960895014974,402.8686612212746,2024-11-14,16:48:33,active
Davis Fire,39.31051750040517,-119.84231777558048,414.2224482611795,2024-11-11,13:54:30,active
Davis Fire,39.31190394876701,-119.82889658633853,328.9173617980155,2024-11-11,19:25:10,active
Davis Fire,39.312006230341744,-119.82335794620549,374.0986638915889,2024-11-11,15:44:05,active
Davis Fire,39.301203268696334,-119.83864819718166,358.48907933686644,2024-11-14,06:57:53,active
Davis Fire,39.30749151864484,-119.83939673931029,417.8364831564877,2024-11-09,08:52:19,active
Davis Fire,39.312388607062296,-119.84071905994297,349.3076268189714,2024-11-09,08:59:10,active
Davis Fire,39.31158525309931,-119.83519893041137,478.21118521430026,2024-11-13,15:53:35,active
Davis Fire,39.3022293987407,-119.83306120732917,445.5318443199516,2024-11-15,16:41:45,active
Davis Fire,39.301316025667745,-119.83224016646291,346.3481913463761,2024-11-11,05:58:52,active
Davis Fire,39.30374677768516,-119.82655671587011,439.1265497921263,2024-11-09,14:13:46,active
Davis Fire,39.303489679043096,-119.82772021655549,407.34894164976953,2024-11-15,08:40:04,active
Davis Fire,39.298535034346145,-119.82421789876958,435.36576617161654,2024-11-13,18:05:31,active
Davis Fire,39.315198264340395,-119.83561461544228,375.04911260486335,2024-11-15,06:19:45,active
Davis Fire,39.306744825447964,-119.83544333979238,451.6898050915306,2024-11-14,20:53:24,active
Davis Fire,39.31178880492299,-119.83222908654817,372.6757082536207,2024-11-09,14:02:10,active
Davis Fire,39.31163855896703,-119.83103682839774,304.67250122779217,2024-11-13,11:07:26,active
Davis Fire,39.30771903806463,-119.83382632843119,462.5101628128354,2024-11-13,11:20:39,active
Davis Fire,39.30947363053244,-119.83510817640456,436.8203855389421,2024-11-09,18:09:14,active
Davis Fire,39.30009211133073,-119.83173964402052,427.7039843699639,2024-11-10,20:35:40,active
Davis Fire,39.299148783207905,-119.83176821185496,324.26348607278635,2024-11-14,01:19:01,active
Davis Fire,39.305523453842426,-119.83477851265692,375.6098652027004,2024-11-09,06:48:02,active
Davis Fire,39.31098883652464,-119.84072785095428,457.60685857721677,2024-11-13,18:44:18,active
Davis Fire,39.29694565702742,-119.8272040683242,341.8265166736317,2024-11-09,00:29:17,active
Davis Fire,39.31207418168428,-119.83710447912686,336.11213150103674,2024-11-12,14:39:22,active
Davis Fire,39.307147776119436,-119.82441851158596,381.1342147003668,2024-11-15,23:42:10,active
Davis Fire,39.307774315083115,-119.83430806839034,444.42104844875485,2024-11-13,12:03:40,active
Davis Fire,39.30138635201923,-119.84037611602345,398.97100863369997,2024-11-14,23:34:20,active
Davis Fire,39.308970400494594,-119.82929114989071,423.3783289412178,2024-11-09,18:30:36,active
Davis Fire,39.30796094674198,-119.83441491518667,395.2487634920526,2024-11-11,15:55:24,active
Davis Fire,39.30758501387795,-119.83098226504086,422.29550779256033,2024-11-10,19:55:32,active
Davis Fire,39.30877013588059,-119.82782629183794,435.36622272786167,2024-11-10,10:00:08,active
Davis Fire,39.30504973018744,-119.84209979818012,444.0572439816613,2024-11-10,02:41:32,active
Davis Fire,39.314851672365485,-119.83910815499733,349.8847802887708,2024-11-09,22:03:33,active
Davis Fire,39.297709120847735,-119.84205028583479,473.6271406064383,2024-11-11,20:11:32,active
Davis Fire,39.30397418662989,-119.82797554027648,426.9721368780701,2024-11-16,18:06:44,active
Davis Fire,39.30647946208931,-119.8251190477423,495.5364792865548,2024-11-14,04:28:10,active
Davis Fire,39.31299549580341,-119.82477687204243,439.6360712415724,2024-11-14,05:30:52,active
Broom Canyon Fire,38.5313,-115.2638,439.6360712415724,2024-11-14,05:30:52,active
Peak Fire,38.15168,-119.55576,439.6360712415724,2024-11-14,05:30:52,active
Crozier Fire,38.4944,-120.4151,439.6360712415724,2024-11-14,05:30:52,past
Canyon Fire,37.58694,-120.12687,439.6360712415724,2024-11-14,05:30:52,past
HTNF Fire,39.3125,-119.4310,439.6360712415724,2024-11-14,05:30:52,past